customer_id,segment,predicted_spend_30d,promotion_id,discount_value,redeem_probability,action
C0001,New,43.1,—,0,0.1525,⏸ งด (ซื้ออยู่แล้ว)
C0002,Champion,479.51,—,0,0.4815,⏸ งด (ซื้ออยู่แล้ว)
C0003,Loyal,1018.02,P_WEEKEND,30,0.8032,✅ ยิงโปร
C0004,New,8.77,P_WELCOME,100,0.7316,✅ ยิงโปร
C0005,Loyal,807.71,P_WEEKEND,30,0.7078,✅ ยิงโปร
C0006,New,70.49,—,0,0.2925,⏸ งด (ซื้ออยู่แล้ว)
C0007,Champion,553.17,P_WEEKEND,30,0.5771,✅ ยิงโปร
C0008,,24.14,—,0,0.3822,⏸ งด (ซื้ออยู่แล้ว)
C0009,,39.94,—,0,0.3352,⏸ งด (ซื้ออยู่แล้ว)
C0010,Loyal,1972.8,P_WEEKEND,30,0.8601,✅ ยิงโปร
C0011,New,81.51,—,0,0.4234,⏸ งด (ซื้ออยู่แล้ว)
C0012,Loyal,4115.95,P_WEEKEND,30,0.8025,✅ ยิงโปร
C0013,,69.42,—,0,0.2172,⏸ งด (ซื้ออยู่แล้ว)
C0014,Loyal,1644.13,P_WEEKEND,30,0.7339,✅ ยิงโปร
C0015,,59.96,—,0,0.2659,⏸ งด (ซื้ออยู่แล้ว)
C0016,Loyal,1302.95,P_WEEKEND,30,0.5884,✅ ยิงโปร
C0017,New,63.04,—,0,0.0904,⏸ งด (ซื้ออยู่แล้ว)
C0018,New,1.37,P_WELCOME,100,0.8885,✅ ยิงโปร
C0019,New,72.35,—,0,0.2877,⏸ งด (ซื้ออยู่แล้ว)
C0020,Champion,5249.27,P_WEEKEND,30,0.9496,✅ ยิงโปร
C0021,New,162.79,—,0,0.4862,⏸ งด (ซื้ออยู่แล้ว)
C0022,Loyal,1314.6,P_WEEKEND,30,0.7376,✅ ยิงโปร
C0023,Champion,1984.88,P_WEEKEND,30,0.8001,✅ ยิงโปร
C0024,Loyal,505.49,—,0,0.4783,⏸ งด (ซื้ออยู่แล้ว)
C0025,Loyal,1820.06,P_PAYDAY,50,0.7964,✅ ยิงโปร
C0026,New,172.19,—,0,0.3655,⏸ งด (ซื้ออยู่แล้ว)
C0027,Champion,4073.71,P_WEEKEND,30,0.8219,✅ ยิงโปร
C0028,New,80.65,—,0,0.3571,⏸ งด (ซื้ออยู่แล้ว)
C0029,Champion,685.21,P_WEEKEND,30,0.5468,✅ ยิงโปร
C0030,Loyal,661.59,P_LOYAL,15,0.6266,✅ ยิงโปร
C0031,New,78.69,—,0,0.4827,⏸ งด (ซื้ออยู่แล้ว)
C0032,Champion,2643.6,P_WEEKEND,30,0.8316,✅ ยิงโปร
C0033,Champion,708.93,P_WEEKEND,30,0.5369,✅ ยิงโปร
C0034,Loyal,790.85,P_WEEKEND,30,0.6714,✅ ยิงโปร
C0035,Loyal,950.44,P_WEEKEND,30,0.7247,✅ ยิงโปร
C0036,New,156.99,—,0,0.281,⏸ งด (ซื้ออยู่แล้ว)
C0037,Champion,813.63,P_WEEKEND,30,0.6111,✅ ยิงโปร
C0038,Champion,1059.05,P_PAYDAY,50,0.7895,✅ ยิงโปร
C0039,,8.65,—,0,0.0796,⏸ งด (ซื้ออยู่แล้ว)
C0040,New,48.75,—,0,0.3501,⏸ งด (ซื้ออยู่แล้ว)
C0041,Champion,2764.09,P_WEEKEND,30,0.7226,✅ ยิงโปร
C0042,,77.0,—,0,0.2688,⏸ งด (ซื้ออยู่แล้ว)
C0043,Champion,1615.59,P_WEEKEND,30,0.5567,✅ ยิงโปร
C0044,Loyal,841.27,P_WEEKEND,30,0.6864,✅ ยิงโปร
C0045,Loyal,1211.86,P_WEEKEND,30,0.8729,✅ ยิงโปร
C0046,New,104.81,P_WINBACK,25,0.5391,✅ ยิงโปร
C0047,Loyal,2191.74,P_WEEKEND,30,0.7777,✅ ยิงโปร
C0048,New,72.85,—,0,0.3266,⏸ งด (ซื้ออยู่แล้ว)
C0049,Loyal,783.3,P_WEEKEND,30,0.7044,✅ ยิงโปร
C0050,Loyal,1150.3,P_WEEKEND,30,0.8317,✅ ยิงโปร
C0051,,24.49,—,0,0.4572,⏸ งด (ซื้ออยู่แล้ว)
C0052,Loyal,5283.14,P_WEEKEND,30,0.8502,✅ ยิงโปร
C0053,Champion,1134.33,P_WEEKEND,30,0.5427,✅ ยิงโปร
C0054,Champion,1146.86,P_PAYDAY,50,0.8483,✅ ยิงโปร
C0055,Loyal,985.4,P_LOYAL,15,0.9116,✅ ยิงโปร
C0056,Loyal,966.15,P_LOYAL,15,0.7822,✅ ยิงโปร
C0057,Champion,3139.79,P_PAYDAY,50,0.847,✅ ยิงโปร
C0058,Champion,7386.86,P_WEEKEND,30,0.8022,✅ ยิงโปร
C0059,Champion,3096.83,P_WEEKEND,30,0.7485,✅ ยิงโปร
C0060,New,27.44,—,0,0.1175,⏸ งด (ซื้ออยู่แล้ว)
C0061,Champion,3904.92,P_WEEKEND,30,0.7871,✅ ยิงโปร
C0062,Champion,4765.25,P_CHAMPION,20,0.8369,✅ ยิงโปร
C0063,New,33.34,—,0,0.3047,⏸ งด (ซื้ออยู่แล้ว)
C0064,New,85.28,—,0,0.4648,⏸ งด (ซื้ออยู่แล้ว)
C0065,Loyal,593.54,—,0,0.4729,⏸ งด (ซื้ออยู่แล้ว)
C0066,Loyal,4195.13,P_WEEKEND,30,0.7671,✅ ยิงโปร
C0067,New,13.97,—,0,0.0656,⏸ งด (ซื้ออยู่แล้ว)
C0068,Loyal,4530.19,P_WEEKEND,30,0.576,✅ ยิงโปร
C0069,New,55.17,—,0,0.1373,⏸ งด (ซื้ออยู่แล้ว)
C0070,New,19.41,—,0,0.1303,⏸ งด (ซื้ออยู่แล้ว)
C0071,New,84.55,—,0,0.3691,⏸ งด (ซื้ออยู่แล้ว)
C0072,Loyal,1680.43,P_WEEKEND,30,0.772,✅ ยิงโปร
C0073,New,93.6,—,0,0.2812,⏸ งด (ซื้ออยู่แล้ว)
C0074,,140.97,—,0,0.4852,⏸ งด (ซื้ออยู่แล้ว)
C0075,,152.46,—,0,0.4988,⏸ งด (ซื้ออยู่แล้ว)
C0076,Loyal,838.87,P_WEEKEND,30,0.5825,✅ ยิงโปร
C0077,New,55.39,—,0,0.1109,⏸ งด (ซื้ออยู่แล้ว)
C0078,New,29.91,—,0,0.1196,⏸ งด (ซื้ออยู่แล้ว)
C0079,New,0.0,P_WELCOME,100,0.5213,✅ ยิงโปร
C0080,,18.83,P_MIDYEAR,200,0.5232,✅ ยิงโปร
C0081,Loyal,637.62,—,0,0.4708,⏸ งด (ซื้ออยู่แล้ว)
C0082,New,48.08,—,0,0.1094,⏸ งด (ซื้ออยู่แล้ว)
C0083,Loyal,1210.73,P_WEEKEND,30,0.7818,✅ ยิงโปร
C0084,New,68.84,—,0,0.1871,⏸ งด (ซื้ออยู่แล้ว)
C0085,Champion,3163.79,P_WEEKEND,30,0.8466,✅ ยิงโปร
C0086,Loyal,475.39,P_WEEKEND,30,0.643,✅ ยิงโปร
C0087,New,15.73,—,0,0.1772,⏸ งด (ซื้ออยู่แล้ว)
C0088,Champion,756.15,P_WEEKEND,30,0.6206,✅ ยิงโปร
C0089,New,2.33,—,0,0.1499,⏸ งด (ซื้ออยู่แล้ว)
C0090,,89.95,—,0,0.2452,⏸ งด (ซื้ออยู่แล้ว)
C0091,Loyal,745.66,P_WEEKEND,30,0.7388,✅ ยิงโปร
C0092,Loyal,643.26,P_LOYAL,15,0.8724,✅ ยิงโปร
C0093,New,28.5,—,0,0.1282,⏸ งด (ซื้ออยู่แล้ว)
C0094,Loyal,799.14,P_LOYAL,15,0.7039,✅ ยิงโปร
C0095,,81.07,—,0,0.2467,⏸ งด (ซื้ออยู่แล้ว)
C0096,New,31.27,—,0,0.1146,⏸ งด (ซื้ออยู่แล้ว)
C0097,,48.3,—,0,0.3676,⏸ งด (ซื้ออยู่แล้ว)
C0098,New,103.78,—,0,0.2516,⏸ งด (ซื้ออยู่แล้ว)
C0099,New,63.71,—,0,0.1675,⏸ งด (ซื้ออยู่แล้ว)
C0100,,36.88,—,0,0.4618,⏸ งด (ซื้ออยู่แล้ว)
C0101,New,23.29,—,0,0.0867,⏸ งด (ซื้ออยู่แล้ว)
C0102,,176.09,P_WEEKEND,30,0.5023,✅ ยิงโปร
C0103,Champion,5796.63,P_WEEKEND,30,0.9302,✅ ยิงโปร
C0104,Champion,594.31,—,0,0.3643,⏸ งด (ซื้ออยู่แล้ว)
C0105,,68.9,—,0,0.1828,⏸ งด (ซื้ออยู่แล้ว)
C0106,New,31.54,—,0,0.0798,⏸ งด (ซื้ออยู่แล้ว)
C0107,Champion,1152.04,P_WEEKEND,30,0.772,✅ ยิงโปร
C0108,Champion,6006.26,P_WEEKEND,30,0.9171,✅ ยิงโปร
C0109,New,186.19,—,0,0.2897,⏸ งด (ซื้ออยู่แล้ว)
C0110,Champion,717.58,P_WEEKEND,30,0.5469,✅ ยิงโปร
C0111,Loyal,639.46,P_LOYAL,15,0.5443,✅ ยิงโปร
C0112,Champion,856.86,P_PAYDAY,50,0.5133,✅ ยิงโปร
C0113,New,28.55,—,0,0.0974,⏸ งด (ซื้ออยู่แล้ว)
C0114,Loyal,719.44,P_WEEKEND,30,0.6253,✅ ยิงโปร
C0115,Loyal,846.47,P_WEEKEND,30,0.769,✅ ยิงโปร
C0116,Champion,4399.24,P_PAYDAY,50,0.6911,✅ ยิงโปร
C0117,Champion,1060.72,P_WEEKEND,30,0.6901,✅ ยิงโปร
C0118,New,59.29,—,0,0.2006,⏸ งด (ซื้ออยู่แล้ว)
C0119,,57.85,—,0,0.0971,⏸ งด (ซื้ออยู่แล้ว)
C0120,Loyal,814.48,P_WEEKEND,30,0.6458,✅ ยิงโปร
C0121,Champion,1210.9,P_PAYDAY,50,0.8399,✅ ยิงโปร
C0122,New,193.33,—,0,0.2897,⏸ งด (ซื้ออยู่แล้ว)
C0123,Loyal,6058.74,P_PAYDAY,50,0.7507,✅ ยิงโปร
C0124,,212.7,—,0,0.3746,⏸ งด (ซื้ออยู่แล้ว)
C0125,Loyal,2316.82,P_WEEKEND,30,0.8443,✅ ยิงโปร
C0126,Champion,4075.99,P_WEEKEND,30,0.86,✅ ยิงโปร
C0127,Champion,2880.01,P_WEEKEND,30,0.7364,✅ ยิงโปร
C0128,,475.88,—,0,0.3792,⏸ งด (ซื้ออยู่แล้ว)
C0129,Champion,7066.86,P_CHAMPION,20,0.9161,✅ ยิงโปร
C0130,Loyal,2822.33,P_WEEKEND,30,0.7856,✅ ยิงโปร
C0131,Loyal,1134.45,P_WEEKEND,30,0.8006,✅ ยิงโปร
C0132,Loyal,2502.5,P_WEEKEND,30,0.8443,✅ ยิงโปร
C0133,Loyal,1096.31,P_WEEKEND,30,0.8059,✅ ยิงโปร
C0134,Loyal,3156.38,P_WEEKEND,30,0.8643,✅ ยิงโปร
C0135,Loyal,582.05,P_WEEKEND,30,0.5079,✅ ยิงโปร
C0136,New,2.05,—,0,0.232,⏸ งด (ซื้ออยู่แล้ว)
C0137,New,12.85,—,0,0.1488,⏸ งด (ซื้ออยู่แล้ว)
C0138,Champion,1116.25,P_WEEKEND,30,0.6786,✅ ยิงโปร
C0139,Champion,5028.91,P_WEEKEND,30,0.8528,✅ ยิงโปร
C0140,New,54.59,—,0,0.11,⏸ งด (ซื้ออยู่แล้ว)
C0141,Champion,2379.31,P_WEEKEND,30,0.8373,✅ ยิงโปร
C0142,Champion,3655.45,P_WEEKEND,30,0.8637,✅ ยิงโปร
C0143,New,131.73,—,0,0.3609,⏸ งด (ซื้ออยู่แล้ว)
C0144,,0.0,P_WELCOME,100,0.654,✅ ยิงโปร
C0145,Loyal,1349.3,P_WEEKEND,30,0.7455,✅ ยิงโปร
C0146,Champion,6650.17,P_WEEKEND,30,0.8863,✅ ยิงโปร
C0147,,48.47,—,0,0.4354,⏸ งด (ซื้ออยู่แล้ว)
C0148,Champion,2494.74,P_WEEKEND,30,0.8366,✅ ยิงโปร
C0149,New,40.82,—,0,0.1552,⏸ งด (ซื้ออยู่แล้ว)
C0150,Loyal,1957.55,P_WEEKEND,30,0.8219,✅ ยิงโปร
C0151,Loyal,1073.07,P_WEEKEND,30,0.8086,✅ ยิงโปร
C0152,,103.94,—,0,0.3623,⏸ งด (ซื้ออยู่แล้ว)
C0153,New,35.65,—,0,0.4925,⏸ งด (ซื้ออยู่แล้ว)
C0154,New,22.39,—,0,0.0658,⏸ งด (ซื้ออยู่แล้ว)
C0155,Champion,862.93,P_WEEKEND,30,0.7025,✅ ยิงโปร
C0156,New,33.86,—,0,0.0779,⏸ งด (ซื้ออยู่แล้ว)
C0157,New,37.53,—,0,0.1436,⏸ งด (ซื้ออยู่แล้ว)
C0158,,171.74,—,0,0.445,⏸ งด (ซื้ออยู่แล้ว)
C0159,New,67.62,—,0,0.2176,⏸ งด (ซื้ออยู่แล้ว)
C0160,Champion,4164.73,P_WEEKEND,30,0.9114,✅ ยิงโปร
C0161,Loyal,535.65,—,0,0.4143,⏸ งด (ซื้ออยู่แล้ว)
C0162,,24.25,P_MIDYEAR,200,0.6806,✅ ยิงโปร
C0163,,0.0,—,0,0.1967,⏸ งด (ซื้ออยู่แล้ว)
C0164,Champion,8608.82,P_PAYDAY,50,0.9225,✅ ยิงโปร
C0165,Loyal,1024.19,P_WEEKEND,30,0.8273,✅ ยิงโปร
C0166,New,19.83,—,0,0.0753,⏸ งด (ซื้ออยู่แล้ว)
C0167,Champion,1427.26,P_WEEKEND,30,0.7855,✅ ยิงโปร
C0168,,106.36,—,0,0.2689,⏸ งด (ซื้ออยู่แล้ว)
C0169,Loyal,2977.65,P_WEEKEND,30,0.8249,✅ ยิงโปร
C0170,New,25.12,—,0,0.4449,⏸ งด (ซื้ออยู่แล้ว)
C0171,Loyal,1480.07,P_WEEKEND,30,0.6807,✅ ยิงโปร
C0172,Champion,5089.89,P_WEEKEND,30,0.7835,✅ ยิงโปร
C0173,Loyal,549.81,—,0,0.4751,⏸ งด (ซื้ออยู่แล้ว)
C0174,New,65.93,—,0,0.2196,⏸ งด (ซื้ออยู่แล้ว)
C0175,New,140.26,—,0,0.3992,⏸ งด (ซื้ออยู่แล้ว)
C0176,New,23.16,—,0,0.0778,⏸ งด (ซื้ออยู่แล้ว)
C0177,Loyal,922.9,P_WEEKEND,30,0.7384,✅ ยิงโปร
C0178,,39.06,—,0,0.3479,⏸ งด (ซื้ออยู่แล้ว)
C0179,,12.88,—,0,0.0646,⏸ งด (ซื้ออยู่แล้ว)
C0180,New,22.21,—,0,0.0648,⏸ งด (ซื้ออยู่แล้ว)
C0181,New,25.14,—,0,0.1583,⏸ งด (ซื้ออยู่แล้ว)
C0182,Champion,664.78,P_WEEKEND,30,0.571,✅ ยิงโปร
C0183,New,52.73,—,0,0.0767,⏸ งด (ซื้ออยู่แล้ว)
C0184,New,62.67,—,0,0.2207,⏸ งด (ซื้ออยู่แล้ว)
C0185,New,36.41,—,0,0.3496,⏸ งด (ซื้ออยู่แล้ว)
C0186,,24.13,—,0,0.0509,⏸ งด (ซื้ออยู่แล้ว)
C0187,Loyal,4132.88,P_WEEKEND,30,0.7547,✅ ยิงโปร
C0188,,49.37,—,0,0.4467,⏸ งด (ซื้ออยู่แล้ว)
C0189,New,37.64,—,0,0.1694,⏸ งด (ซื้ออยู่แล้ว)
C0190,Champion,6757.12,P_WEEKEND,30,0.8988,✅ ยิงโปร
C0191,,51.55,—,0,0.3875,⏸ งด (ซื้ออยู่แล้ว)
C0192,Loyal,669.84,—,0,0.4981,⏸ งด (ซื้ออยู่แล้ว)
C0193,Champion,1429.28,P_WEEKEND,30,0.7764,✅ ยิงโปร
C0194,,93.47,—,0,0.186,⏸ งด (ซื้ออยู่แล้ว)
C0195,Champion,535.58,—,0,0.3206,⏸ งด (ซื้ออยู่แล้ว)
C0196,Loyal,3396.07,P_WEEKEND,30,0.7777,✅ ยิงโปร
C0197,Loyal,2432.92,P_WEEKEND,30,0.8483,✅ ยิงโปร
C0198,Champion,4777.8,P_CHAMPION,20,0.8212,✅ ยิงโปร
C0199,Champion,7328.5,P_WEEKEND,30,0.9363,✅ ยิงโปร
C0200,Champion,5351.77,P_PAYDAY,50,0.9161,✅ ยิงโปร
C0201,Champion,4210.88,P_PAYDAY,50,0.9139,✅ ยิงโปร
C0202,Loyal,737.41,P_WEEKEND,30,0.6142,✅ ยิงโปร
C0203,New,110.78,—,0,0.3028,⏸ งด (ซื้ออยู่แล้ว)
C0204,,43.95,—,0,0.4104,⏸ งด (ซื้ออยู่แล้ว)
C0205,New,98.63,—,0,0.2656,⏸ งด (ซื้ออยู่แล้ว)
C0206,New,142.92,—,0,0.3682,⏸ งด (ซื้ออยู่แล้ว)
C0207,Loyal,777.24,P_WEEKEND,30,0.6224,✅ ยิงโปร
C0208,New,35.14,—,0,0.3189,⏸ งด (ซื้ออยู่แล้ว)
C0209,,135.42,—,0,0.4091,⏸ งด (ซื้ออยู่แล้ว)
C0210,Loyal,672.73,P_LOYAL,15,0.5453,✅ ยิงโปร
C0211,Champion,2744.37,P_WEEKEND,30,0.8631,✅ ยิงโปร
C0212,Loyal,1249.15,P_WEEKEND,30,0.8218,✅ ยิงโปร
C0213,,123.83,—,0,0.3198,⏸ งด (ซื้ออยู่แล้ว)
C0214,Loyal,1233.16,P_WEEKEND,30,0.8513,✅ ยิงโปร
C0215,New,32.0,—,0,0.0889,⏸ งด (ซื้ออยู่แล้ว)
C0216,Champion,595.97,P_WEEKEND,30,0.7779,✅ ยิงโปร
C0217,Champion,2583.46,P_WEEKEND,30,0.8252,✅ ยิงโปร
C0218,,250.57,—,0,0.3446,⏸ งด (ซื้ออยู่แล้ว)
C0219,New,74.52,—,0,0.3224,⏸ งด (ซื้ออยู่แล้ว)
C0220,Champion,764.67,P_WEEKEND,30,0.5445,✅ ยิงโปร
C0221,New,129.37,—,0,0.3229,⏸ งด (ซื้ออยู่แล้ว)
C0222,Loyal,1110.21,P_WEEKEND,30,0.8274,✅ ยิงโปร
C0223,New,88.84,—,0,0.2876,⏸ งด (ซื้ออยู่แล้ว)
C0224,New,44.33,—,0,0.3271,⏸ งด (ซื้ออยู่แล้ว)
C0225,New,38.02,—,0,0.4116,⏸ งด (ซื้ออยู่แล้ว)
C0226,Loyal,4569.78,P_WEEKEND,30,0.7164,✅ ยิงโปร
C0227,Loyal,999.3,P_LOYAL,15,0.8466,✅ ยิงโปร
C0228,,141.5,—,0,0.3148,⏸ งด (ซื้ออยู่แล้ว)
C0229,Champion,5346.72,P_WEEKEND,30,0.943,✅ ยิงโปร
C0230,,143.1,—,0,0.3569,⏸ งด (ซื้ออยู่แล้ว)
C0231,,183.55,—,0,0.4157,⏸ งด (ซื้ออยู่แล้ว)
C0232,Loyal,456.51,P_WEEKEND,30,0.5238,✅ ยิงโปร
C0233,New,15.12,—,0,0.4099,⏸ งด (ซื้ออยู่แล้ว)
C0234,Champion,495.0,—,0,0.41,⏸ งด (ซื้ออยู่แล้ว)
C0235,,21.37,—,0,0.0755,⏸ งด (ซื้ออยู่แล้ว)
C0236,New,0.0,P_WELCOME,100,0.8531,✅ ยิงโปร
C0237,New,78.43,—,0,0.3391,⏸ งด (ซื้ออยู่แล้ว)
C0238,Champion,4071.18,P_WEEKEND,30,0.8291,✅ ยิงโปร
C0239,,28.32,—,0,0.4384,⏸ งด (ซื้ออยู่แล้ว)
C0240,New,23.38,P_WELCOME,100,0.5955,✅ ยิงโปร
C0241,Loyal,1017.42,P_WEEKEND,30,0.8338,✅ ยิงโปร
C0242,Loyal,580.03,P_WEEKEND,30,0.5244,✅ ยิงโปร
C0243,Champion,2023.87,P_WEEKEND,30,0.6336,✅ ยิงโปร
C0244,New,22.01,—,0,0.1232,⏸ งด (ซื้ออยู่แล้ว)
C0245,New,15.68,—,0,0.1197,⏸ งด (ซื้ออยู่แล้ว)
C0246,New,39.76,—,0,0.3554,⏸ งด (ซื้ออยู่แล้ว)
C0247,,3.71,—,0,0.1012,⏸ งด (ซื้ออยู่แล้ว)
C0248,Loyal,672.71,P_WEEKEND,30,0.6127,✅ ยิงโปร
C0249,Champion,2276.7,P_WEEKEND,30,0.8348,✅ ยิงโปร
C0250,Champion,530.48,—,0,0.3106,⏸ งด (ซื้ออยู่แล้ว)
C0251,Champion,3586.37,P_PAYDAY,50,0.8526,✅ ยิงโปร
C0252,New,137.65,—,0,0.3807,⏸ งด (ซื้ออยู่แล้ว)
C0253,New,21.34,—,0,0.0896,⏸ งด (ซื้ออยู่แล้ว)
C0254,New,1.06,P_WELCOME,100,0.8885,✅ ยิงโปร
C0255,Loyal,816.54,P_WEEKEND,30,0.6528,✅ ยิงโปร
C0256,,108.9,—,0,0.2903,⏸ งด (ซื้ออยู่แล้ว)
C0257,New,120.37,—,0,0.2739,⏸ งด (ซื้ออยู่แล้ว)
C0258,Loyal,1262.66,P_WEEKEND,30,0.7249,✅ ยิงโปร
C0259,,168.22,—,0,0.4359,⏸ งด (ซื้ออยู่แล้ว)
C0260,Loyal,497.11,P_WEEKEND,30,0.5174,✅ ยิงโปร
C0261,New,68.38,—,0,0.1833,⏸ งด (ซื้ออยู่แล้ว)
C0262,New,24.27,—,0,0.0928,⏸ งด (ซื้ออยู่แล้ว)
C0263,New,28.74,—,0,0.1115,⏸ งด (ซื้ออยู่แล้ว)
C0264,Loyal,922.47,P_WEEKEND,30,0.7141,✅ ยิงโปร
C0265,Champion,3840.54,P_PAYDAY,50,0.8574,✅ ยิงโปร
C0266,Loyal,781.03,P_LOYAL,15,0.6299,✅ ยิงโปร
C0267,New,17.83,—,0,0.1365,⏸ งด (ซื้ออยู่แล้ว)
C0268,New,43.55,—,0,0.428,⏸ งด (ซื้ออยู่แล้ว)
C0269,Loyal,491.45,P_WEEKEND,30,0.583,✅ ยิงโปร
C0270,New,8.79,P_WELCOME,100,0.8354,✅ ยิงโปร
C0271,Champion,629.77,P_WEEKEND,30,0.7104,✅ ยิงโปร
C0272,Loyal,846.65,P_WEEKEND,30,0.6326,✅ ยิงโปร
C0273,New,168.03,—,0,0.379,⏸ งด (ซื้ออยู่แล้ว)
C0274,,58.74,—,0,0.1977,⏸ งด (ซื้ออยู่แล้ว)
C0275,Loyal,1344.72,P_WEEKEND,30,0.7049,✅ ยิงโปร
C0276,Champion,658.66,—,0,0.399,⏸ งด (ซื้ออยู่แล้ว)
C0277,Loyal,1292.11,P_WEEKEND,30,0.7634,✅ ยิงโปร
C0278,Loyal,2666.9,P_WEEKEND,30,0.8118,✅ ยิงโปร
C0279,,42.18,—,0,0.3113,⏸ งด (ซื้ออยู่แล้ว)
C0280,,55.03,—,0,0.2044,⏸ งด (ซื้ออยู่แล้ว)
C0281,Champion,4201.17,P_WEEKEND,30,0.847,✅ ยิงโปร
C0282,Loyal,2524.91,P_WEEKEND,30,0.8462,✅ ยิงโปร
C0283,New,50.76,—,0,0.3319,⏸ งด (ซื้ออยู่แล้ว)
C0284,New,198.24,—,0,0.3336,⏸ งด (ซื้ออยู่แล้ว)
C0285,New,118.78,—,0,0.371,⏸ งด (ซื้ออยู่แล้ว)
C0286,Champion,4931.54,P_PAYDAY,50,0.6811,✅ ยิงโปร
C0287,New,27.93,—,0,0.3075,⏸ งด (ซื้ออยู่แล้ว)
C0288,Loyal,674.08,P_WEEKEND,30,0.6002,✅ ยิงโปร
C0289,New,94.84,—,0,0.2387,⏸ งด (ซื้ออยู่แล้ว)
C0290,New,31.22,—,0,0.0798,⏸ งด (ซื้ออยู่แล้ว)
C0291,Champion,5347.18,P_WEEKEND,30,0.9476,✅ ยิงโปร
C0292,Champion,1461.74,P_WEEKEND,30,0.7802,✅ ยิงโปร
C0293,Loyal,2028.29,P_PAYDAY,50,0.8277,✅ ยิงโปร
C0294,Loyal,985.9,P_WEEKEND,30,0.8084,✅ ยิงโปร
C0295,Champion,567.8,P_WEEKEND,30,0.5884,✅ ยิงโปร
C0296,New,60.69,—,0,0.245,⏸ งด (ซื้ออยู่แล้ว)
C0297,Champion,731.58,P_WEEKEND,30,0.6546,✅ ยิงโปร
C0298,New,278.98,—,0,0.3027,⏸ งด (ซื้ออยู่แล้ว)
C0299,,50.15,—,0,0.4454,⏸ งด (ซื้ออยู่แล้ว)
C0300,New,40.76,—,0,0.4305,⏸ งด (ซื้ออยู่แล้ว)
C0301,,137.59,—,0,0.3334,⏸ งด (ซื้ออยู่แล้ว)
C0302,Champion,806.19,P_WEEKEND,30,0.5576,✅ ยิงโปร
C0303,Champion,8611.43,P_WEEKEND,30,0.6752,✅ ยิงโปร
C0304,Loyal,2516.04,P_WEEKEND,30,0.8302,✅ ยิงโปร
C0305,,109.4,—,0,0.3038,⏸ งด (ซื้ออยู่แล้ว)
C0306,Champion,6564.39,P_WEEKEND,30,0.8748,✅ ยิงโปร
C0307,Loyal,692.12,P_LOYAL,15,0.5691,✅ ยิงโปร
C0308,Champion,4976.52,P_WEEKEND,30,0.7858,✅ ยิงโปร
C0309,New,175.01,—,0,0.3963,⏸ งด (ซื้ออยู่แล้ว)
C0310,Loyal,710.59,P_LOYAL,15,0.5515,✅ ยิงโปร
C0311,Champion,3331.28,P_PAYDAY,50,0.8526,✅ ยิงโปร
C0312,Champion,900.67,P_WEEKEND,30,0.7334,✅ ยิงโปร
C0313,New,43.87,—,0,0.4293,⏸ งด (ซื้ออยู่แล้ว)
C0314,,193.56,—,0,0.3123,⏸ งด (ซื้ออยู่แล้ว)
C0315,Loyal,936.41,P_LOYAL,15,0.819,✅ ยิงโปร
C0316,New,27.92,—,0,0.0911,⏸ งด (ซื้ออยู่แล้ว)
C0317,Champion,5260.98,P_WEEKEND,30,0.9551,✅ ยิงโปร
C0318,Loyal,3633.13,P_WEEKEND,30,0.8004,✅ ยิงโปร
C0319,Champion,2098.22,P_PAYDAY,50,0.5847,✅ ยิงโปร
C0320,New,60.23,—,0,0.1039,⏸ งด (ซื้ออยู่แล้ว)
C0321,New,117.98,—,0,0.2644,⏸ งด (ซื้ออยู่แล้ว)
C0322,Champion,3749.99,P_WEEKEND,30,0.933,✅ ยิงโปร
C0323,New,21.93,—,0,0.0609,⏸ งด (ซื้ออยู่แล้ว)
C0324,Loyal,453.87,P_WEEKEND,30,0.5447,✅ ยิงโปร
C0325,New,33.88,—,0,0.0943,⏸ งด (ซื้ออยู่แล้ว)
C0326,New,158.49,—,0,0.488,⏸ งด (ซื้ออยู่แล้ว)
C0327,New,45.0,—,0,0.1578,⏸ งด (ซื้ออยู่แล้ว)
C0328,,130.68,—,0,0.3222,⏸ งด (ซื้ออยู่แล้ว)
C0329,New,0.0,P_WELCOME,100,0.7925,✅ ยิงโปร
C0330,New,26.19,—,0,0.0728,⏸ งด (ซื้ออยู่แล้ว)
C0331,New,38.99,—,0,0.1559,⏸ งด (ซื้ออยู่แล้ว)
C0332,Loyal,822.23,P_LOYAL,15,0.6591,✅ ยิงโปร
C0333,Loyal,1208.48,P_WEEKEND,30,0.6529,✅ ยิงโปร
C0334,Champion,960.3,P_WEEKEND,30,0.5245,✅ ยิงโปร
C0335,,164.67,—,0,0.3895,⏸ งด (ซื้ออยู่แล้ว)
C0336,Loyal,844.7,P_LOYAL,15,0.685,✅ ยิงโปร
C0337,New,17.36,—,0,0.1053,⏸ งด (ซื้ออยู่แล้ว)
C0338,Loyal,604.16,P_LOYAL,15,0.5869,✅ ยิงโปร
C0339,New,32.74,—,0,0.2462,⏸ งด (ซื้ออยู่แล้ว)
C0340,Loyal,572.38,—,0,0.436,⏸ งด (ซื้ออยู่แล้ว)
C0341,,40.7,—,0,0.0793,⏸ งด (ซื้ออยู่แล้ว)
C0342,Champion,663.0,P_PAYDAY,50,0.6049,✅ ยิงโปร
C0343,,113.58,—,0,0.2485,⏸ งด (ซื้ออยู่แล้ว)
C0344,Champion,2136.2,P_PAYDAY,50,0.8774,✅ ยิงโปร
C0345,Champion,448.28,—,0,0.4491,⏸ งด (ซื้ออยู่แล้ว)
C0346,New,7.91,—,0,0.1055,⏸ งด (ซื้ออยู่แล้ว)
C0347,Champion,5777.45,P_WEEKEND,30,0.9414,✅ ยิงโปร
C0348,Loyal,1064.42,P_WEEKEND,30,0.8506,✅ ยิงโปร
C0349,Loyal,5310.01,P_WEEKEND,30,0.8296,✅ ยิงโปร
C0350,New,14.34,—,0,0.075,⏸ งด (ซื้ออยู่แล้ว)
C0351,Loyal,648.8,—,0,0.4885,⏸ งด (ซื้ออยู่แล้ว)
C0352,New,148.3,—,0,0.3569,⏸ งด (ซื้ออยู่แล้ว)
C0353,Champion,3912.59,P_WEEKEND,30,0.8014,✅ ยิงโปร
C0354,Champion,758.74,P_WEEKEND,30,0.8069,✅ ยิงโปร
C0355,New,8.74,—,0,0.0773,⏸ งด (ซื้ออยู่แล้ว)
C0356,Champion,5440.4,P_CHAMPION,20,0.7934,✅ ยิงโปร
C0357,New,65.54,—,0,0.1362,⏸ งด (ซื้ออยู่แล้ว)
C0358,Champion,814.21,P_WEEKEND,30,0.5224,✅ ยิงโปร
C0359,Champion,448.72,—,0,0.4655,⏸ งด (ซื้ออยู่แล้ว)
C0360,New,156.59,—,0,0.4283,⏸ งด (ซื้ออยู่แล้ว)
C0361,,72.43,—,0,0.2162,⏸ งด (ซื้ออยู่แล้ว)
C0362,,250.35,—,0,0.3896,⏸ งด (ซื้ออยู่แล้ว)
C0363,,109.87,—,0,0.3369,⏸ งด (ซื้ออยู่แล้ว)
C0364,Champion,1039.92,P_WEEKEND,30,0.7178,✅ ยิงโปร
C0365,Loyal,605.7,P_WEEKEND,30,0.5919,✅ ยิงโปร
C0366,Champion,2734.14,P_WEEKEND,30,0.7586,✅ ยิงโปร
C0367,,41.93,—,0,0.2457,⏸ งด (ซื้ออยู่แล้ว)
C0368,New,7.52,—,0,0.1064,⏸ งด (ซื้ออยู่แล้ว)
C0369,Loyal,3966.04,P_WEEKEND,30,0.8684,✅ ยิงโปร
C0370,Loyal,991.67,P_WEEKEND,30,0.6838,✅ ยิงโปร
C0371,Champion,3379.23,P_PAYDAY,50,0.8034,✅ ยิงโปร
C0372,,0.0,—,0,0.2216,⏸ งด (ซื้ออยู่แล้ว)
C0373,New,68.4,—,0,0.1902,⏸ งด (ซื้ออยู่แล้ว)
C0374,Loyal,865.46,P_LOYAL,15,0.8192,✅ ยิงโปร
C0375,Loyal,581.3,—,0,0.499,⏸ งด (ซื้ออยู่แล้ว)
C0376,Loyal,661.67,—,0,0.4873,⏸ งด (ซื้ออยู่แล้ว)
C0377,,138.99,—,0,0.394,⏸ งด (ซื้ออยู่แล้ว)
C0378,New,56.79,—,0,0.2159,⏸ งด (ซื้ออยู่แล้ว)
C0379,Loyal,1063.59,P_WEEKEND,30,0.8179,✅ ยิงโปร
C0380,New,44.34,—,0,0.3414,⏸ งด (ซื้ออยู่แล้ว)
C0381,New,101.1,—,0,0.2698,⏸ งด (ซื้ออยู่แล้ว)
C0382,Loyal,2946.67,P_WEEKEND,30,0.8508,✅ ยิงโปร
C0383,,51.05,—,0,0.0999,⏸ งด (ซื้ออยู่แล้ว)
C0384,Loyal,759.51,P_WEEKEND,30,0.6224,✅ ยิงโปร
C0385,New,0.0,P_WELCOME,100,0.6452,✅ ยิงโปร
C0386,Loyal,1072.49,P_WEEKEND,30,0.8188,✅ ยิงโปร
C0387,Loyal,1253.45,P_WEEKEND,30,0.7322,✅ ยิงโปร
C0388,,174.12,P_WEEKEND,30,0.549,✅ ยิงโปร
C0389,,83.68,—,0,0.2733,⏸ งด (ซื้ออยู่แล้ว)
C0390,Loyal,1055.56,P_WEEKEND,30,0.81,✅ ยิงโปร
C0391,,17.35,—,0,0.3,⏸ งด (ซื้ออยู่แล้ว)
C0392,Champion,979.1,P_WEEKEND,30,0.7459,✅ ยิงโปร
C0393,Champion,1733.31,P_WEEKEND,30,0.8384,✅ ยิงโปร
C0394,New,63.43,—,0,0.1889,⏸ งด (ซื้ออยู่แล้ว)
C0395,Loyal,8393.13,P_WEEKEND,30,0.9144,✅ ยิงโปร
C0396,Champion,1710.16,P_WEEKEND,30,0.6596,✅ ยิงโปร
C0397,New,71.93,—,0,0.2903,⏸ งด (ซื้ออยู่แล้ว)
C0398,Loyal,2939.61,P_WEEKEND,30,0.7301,✅ ยิงโปร
C0399,New,0.77,P_WELCOME,100,0.7237,✅ ยิงโปร
C0400,Loyal,1987.99,P_WEEKEND,30,0.7376,✅ ยิงโปร
C0401,,116.96,—,0,0.2992,⏸ งด (ซื้ออยู่แล้ว)
C0402,Champion,4373.24,P_WEEKEND,30,0.9496,✅ ยิงโปร
C0403,Champion,1145.03,P_PAYDAY,50,0.6641,✅ ยิงโปร
C0404,New,336.21,—,0,0.3494,⏸ งด (ซื้ออยู่แล้ว)
C0405,New,39.71,—,0,0.2593,⏸ งด (ซื้ออยู่แล้ว)
C0406,New,28.14,—,0,0.0911,⏸ งด (ซื้ออยู่แล้ว)
C0407,Loyal,929.31,P_LOYAL,15,0.8196,✅ ยิงโปร
C0408,New,48.68,—,0,0.1004,⏸ งด (ซื้ออยู่แล้ว)
C0409,Loyal,526.69,P_WEEKEND,30,0.5022,✅ ยิงโปร
C0410,,107.14,—,0,0.2996,⏸ งด (ซื้ออยู่แล้ว)
C0411,,127.42,—,0,0.2579,⏸ งด (ซื้ออยู่แล้ว)
C0412,Champion,3741.02,P_WEEKEND,30,0.6911,✅ ยิงโปร
C0413,New,26.1,—,0,0.1003,⏸ งด (ซื้ออยู่แล้ว)
C0414,Champion,4458.21,P_WEEKEND,30,0.6646,✅ ยิงโปร
C0415,,100.48,—,0,0.2955,⏸ งด (ซื้ออยู่แล้ว)
C0416,New,31.8,—,0,0.0779,⏸ งด (ซื้ออยู่แล้ว)
C0417,Loyal,3367.36,P_WEEKEND,30,0.7771,✅ ยิงโปร
C0418,New,10.08,—,0,0.0643,⏸ งด (ซื้ออยู่แล้ว)
C0419,Loyal,991.58,P_WEEKEND,30,0.7906,✅ ยิงโปร
C0420,,52.65,—,0,0.1848,⏸ งด (ซื้ออยู่แล้ว)
C0421,Champion,5317.91,P_WEEKEND,30,0.9453,✅ ยิงโปร
C0422,New,14.11,—,0,0.1544,⏸ งด (ซื้ออยู่แล้ว)
C0423,Champion,5174.69,P_WEEKEND,30,0.9399,✅ ยิงโปร
C0424,Champion,699.86,—,0,0.4705,⏸ งด (ซื้ออยู่แล้ว)
C0425,New,21.65,—,0,0.0607,⏸ งด (ซื้ออยู่แล้ว)
C0426,Loyal,1201.67,P_WEEKEND,30,0.8264,✅ ยิงโปร
C0427,Champion,3754.51,P_WEEKEND,30,0.8285,✅ ยิงโปร
C0428,New,56.41,—,0,0.1868,⏸ งด (ซื้ออยู่แล้ว)
C0429,New,502.62,—,0,0.2745,⏸ งด (ซื้ออยู่แล้ว)
C0430,New,29.11,—,0,0.0885,⏸ งด (ซื้ออยู่แล้ว)
C0431,Champion,5179.95,P_WEEKEND,30,0.8664,✅ ยิงโปร
C0432,New,41.11,—,0,0.3805,⏸ งด (ซื้ออยู่แล้ว)
C0433,Champion,4864.76,P_CHAMPION,20,0.8261,✅ ยิงโปร
C0434,New,25.28,P_WEEKEND,30,0.5198,✅ ยิงโปร
C0435,,111.86,—,0,0.3188,⏸ งด (ซื้ออยู่แล้ว)
C0436,New,49.06,—,0,0.1785,⏸ งด (ซื้ออยู่แล้ว)
C0437,Loyal,875.41,P_LOYAL,15,0.5798,✅ ยิงโปร
C0438,New,197.15,—,0,0.2307,⏸ งด (ซื้ออยู่แล้ว)
C0439,,44.06,—,0,0.0766,⏸ งด (ซื้ออยู่แล้ว)
C0440,New,39.15,—,0,0.4057,⏸ งด (ซื้ออยู่แล้ว)
C0441,Loyal,683.7,P_WEEKEND,30,0.5736,✅ ยิงโปร
C0442,,24.27,—,0,0.4949,⏸ งด (ซื้ออยู่แล้ว)
C0443,New,32.88,—,0,0.1075,⏸ งด (ซื้ออยู่แล้ว)
C0444,Champion,5627.52,P_WEEKEND,30,0.8929,✅ ยิงโปร
C0445,Loyal,574.96,P_LOYAL,15,0.5872,✅ ยิงโปร
C0446,Loyal,1981.95,P_WEEKEND,30,0.83,✅ ยิงโปร
C0447,Champion,877.92,P_WEEKEND,30,0.6705,✅ ยิงโปร
C0448,Champion,916.2,P_WEEKEND,30,0.6712,✅ ยิงโปร
C0449,Loyal,680.22,P_WEEKEND,30,0.7134,✅ ยิงโปร
C0450,New,52.12,—,0,0.3089,⏸ งด (ซื้ออยู่แล้ว)
C0451,,127.23,—,0,0.2985,⏸ งด (ซื้ออยู่แล้ว)
C0452,Champion,2558.03,P_WEEKEND,30,0.8419,✅ ยิงโปร
C0453,,157.07,—,0,0.3712,⏸ งด (ซื้ออยู่แล้ว)
C0454,,14.14,—,0,0.0828,⏸ งด (ซื้ออยู่แล้ว)
C0455,Loyal,894.7,P_WEEKEND,30,0.7997,✅ ยิงโปร
C0456,Champion,4188.25,P_WEEKEND,30,0.8988,✅ ยิงโปร
C0457,,15.36,—,0,0.0819,⏸ งด (ซื้ออยู่แล้ว)
C0458,New,92.03,—,0,0.2656,⏸ งด (ซื้ออยู่แล้ว)
C0459,New,159.9,—,0,0.3593,⏸ งด (ซื้ออยู่แล้ว)
C0460,,60.42,—,0,0.2536,⏸ งด (ซื้ออยู่แล้ว)
C0461,Loyal,2521.81,P_WEEKEND,30,0.8272,✅ ยิงโปร
C0462,New,10.15,—,0,0.3308,⏸ งด (ซื้ออยู่แล้ว)
C0463,Loyal,658.06,P_WEEKEND,30,0.5981,✅ ยิงโปร
C0464,Loyal,971.15,P_WEEKEND,30,0.7088,✅ ยิงโปร
C0465,Champion,2589.16,P_WEEKEND,30,0.8401,✅ ยิงโปร
C0466,Champion,674.55,P_WEEKEND,30,0.6244,✅ ยิงโปร
C0467,New,34.29,—,0,0.0782,⏸ งด (ซื้ออยู่แล้ว)
C0468,,130.01,—,0,0.3508,⏸ งด (ซื้ออยู่แล้ว)
C0469,New,14.13,—,0,0.2319,⏸ งด (ซื้ออยู่แล้ว)
C0470,Champion,5291.58,P_WEEKEND,30,0.9461,✅ ยิงโปร
C0471,,56.65,—,0,0.2338,⏸ งด (ซื้ออยู่แล้ว)
C0472,New,32.0,—,0,0.1032,⏸ งด (ซื้ออยู่แล้ว)
C0473,Loyal,1056.16,P_WEEKEND,30,0.8198,✅ ยิงโปร
C0474,,36.7,—,0,0.4764,⏸ งด (ซื้ออยู่แล้ว)
C0475,New,74.82,—,0,0.4978,⏸ งด (ซื้ออยู่แล้ว)
C0476,Champion,1061.68,P_WEEKEND,30,0.678,✅ ยิงโปร
C0477,New,28.31,—,0,0.1651,⏸ งด (ซื้ออยู่แล้ว)
C0478,,17.08,—,0,0.0832,⏸ งด (ซื้ออยู่แล้ว)
C0479,New,59.12,—,0,0.1624,⏸ งด (ซื้ออยู่แล้ว)
C0480,New,24.78,—,0,0.0991,⏸ งด (ซื้ออยู่แล้ว)
C0481,Loyal,1210.36,P_WEEKEND,30,0.6317,✅ ยิงโปร
C0482,New,73.16,—,0,0.4855,⏸ งด (ซื้ออยู่แล้ว)
C0483,New,507.87,—,0,0.2848,⏸ งด (ซื้ออยู่แล้ว)
C0484,Loyal,1046.85,P_WEEKEND,30,0.8115,✅ ยิงโปร
C0485,Loyal,7003.72,P_WEEKEND,30,0.8981,✅ ยิงโปร
C0486,,29.57,—,0,0.3259,⏸ งด (ซื้ออยู่แล้ว)
C0487,Loyal,2763.13,P_WEEKEND,30,0.7721,✅ ยิงโปร
C0488,New,81.37,—,0,0.3474,⏸ งด (ซื้ออยู่แล้ว)
C0489,New,29.83,—,0,0.3603,⏸ งด (ซื้ออยู่แล้ว)
C0490,Loyal,492.1,P_WEEKEND,30,0.5367,✅ ยิงโปร
C0491,Champion,2027.24,P_WEEKEND,30,0.8121,✅ ยิงโปร
C0492,Champion,641.46,—,0,0.4288,⏸ งด (ซื้ออยู่แล้ว)
C0493,,193.16,—,0,0.3628,⏸ งด (ซื้ออยู่แล้ว)
C0494,New,37.29,—,0,0.145,⏸ งด (ซื้ออยู่แล้ว)
C0495,New,64.19,—,0,0.1465,⏸ งด (ซื้ออยู่แล้ว)
C0496,Champion,4951.3,P_WEEKEND,30,0.9108,✅ ยิงโปร
C0497,New,89.51,—,0,0.3385,⏸ งด (ซื้ออยู่แล้ว)
C0498,New,48.62,—,0,0.1004,⏸ งด (ซื้ออยู่แล้ว)
C0499,Champion,1268.77,P_WEEKEND,30,0.7012,✅ ยิงโปร
C0500,New,29.38,—,0,0.0767,⏸ งด (ซื้ออยู่แล้ว)
